tag,state,wappenwiki_page,wappenwiki_file_url,local_file,blazon
WRM,Prince-Bishopric of Worms,https://wappenwiki.org/index.php/Prince-Bishopric_of_Worms,https://wappenwiki.org/images/5/53/Worms.svg,svg-sources/WRM_Worms.svg,"Azure, a key argent (Zurich Roll variant)"
HBS,Prince-Bishopric of Halberstadt,https://wappenwiki.org/index.php/Prince-Bishopric_of_Halberstadt,https://wappenwiki.org/images/2/24/Halberstadt.svg,svg-sources/HBS_Halberstadt.svg,"Per pale argent and gules, a wolf's hook sable"
MRB,Prince-Bishopric of Merseburg,https://wappenwiki.org/index.php?title=File:Merseburg.svg,https://wappenwiki.org/images/e/e8/Merseburg.svg,svg-sources/MRB_Merseburg.svg,"Or, a cross sable"
TCK,County of Tecklenburg,https://wappenwiki.org/index.php/County_of_Tecklenburg,https://wappenwiki.org/images/c/cc/Tecklemburg.svg,svg-sources/TCK_Tecklemburg.svg,"Argent, three water-lily leaves gules"
GBH,Principality of Grubenhagen,http://www.welt-der-wappen.de/Heraldik/seiten/welfen2.htm,BRU.tga (WappenWiki Custom mod),"svg-sources/GBH_Everstein.svg; svg-sources/GBH_Ernst_II_15th_century.svg","Per fess: top band = top half of BRU.tga transplanted pixel-for-pixel (Braunschweig, gules, two lions passant guardant or); bottom-left Everstein (azure, lion rampant argent crowned or); bottom-right = 4th quarter of Ernst II Braunschweig-Lüneburg arms (Homburg: within bordure compony azure-argent, gules, lion rampant or) lifted wholesale incl. checked bordure"
RZB,Prince-Bishopric of Ratzeburg,https://wappenwiki.org/index.php/Prince-Bishopric_of_Ratzeburg,https://wappenwiki.org/images/f/f9/Ratzeburg.svg,svg-sources/RZB_Ratzeburg.svg,"Per pale azure and or: gold staff, blue castle"
DPH,County of Diepholz,https://wappenwiki.org/index.php?title=File:Diepholz.svg,https://wappenwiki.org/images/4/40/Diepholz.svg,svg-sources/DPH_Diepholz.svg,"Or, a crowned lion statant gules (historical; WappenWiki file is modern district arms)"
SYE,Prince-Bishopric of Speyer,https://wappenwiki.org/index.php/Prince-Bishopric_of_Speyer,https://wappenwiki.org/images/f/fc/Speyer.svg,svg-sources/SYE_Speyer.svg,"Azure, a cross argent"
NIE,Lordship of Nienburg (DROPPED),none,none,none,"Dropped: not an independent state"
PST,Pomerania-Stolp (Duchy of Pomerania-Stolp),https://wappenwiki.org/index.php/Pomerania-Stolp,https://wappenwiki.org/images/3/3e/Pomeralia_Wolgast_II.svg,"svg-sources/PST_Pomerania-Stolp.svg; svg-sources/PST_Pomerania-Stolp_charge.svg","Gold field, red griffin rampant (Griffin arms). Charge = clean of WappenWiki Wolgast II shield: polygons removed, paths wrapped in <g id=charge>, outline kept. Built at STE/WOL scale (fraction 0.742, vertically centered)"
PSG,Pomerania-Stargard (Duchy of Pomerania-Stargard),https://wappenwiki.org/index.php/Pomerania-Stargard,https://wappenwiki.org/images/1/1a/Bogislaw_VIII_Duke_of_Pomerania-Stolp.svg,"svg-sources/PSG_Pomerania-Stargard.svg; svg-sources/PSG_Pomerania-Stargard_charge.svg","Azure field, gold griffin rampant (arms of Bogislaw VIII, Duke of Pomerania-Stolp). Charge = clean: polygons removed, paths wrapped in <g id=charge>, outline kept. Built at STE/WOL scale (fraction 0.742, vertically centered)"
DOR,Prince-Bishopric of Dorpat,https://wappenwiki.org/index.php/Bishopric_of_Dorpat,https://wappenwiki.org/images/b/b7/Dorpat.svg,svg-sources/DOR_Dorpat.svg,"Gules, a sword argent hilted or and a key argent wards or in saltire (crossing point anchored at canvas centre; built 195px charge height)"
OSL,Prince-Bishopric of Ösel-Wiek,https://wappenwiki.org/index.php/Bishopric_of_Oesel-Wiek,https://wappenwiki.org/images/5/5f/Oesel-Wiek.svg,svg-sources/OSL_Osel-Wiek.svg,"Azure, an eagle displayed sable with argent breast and tail, or beak and legs (charge outline kept). Built at 0.75 scale, vertically centred"
KRB,Prince-Bishopric of Courland,https://wappenwiki.org/index.php/Bishopric_of_Kurland,https://wappenwiki.org/images/9/98/Kurland.svg,svg-sources/KRB_Kurland.svg,"Gules, an eagle displayed argent, or beak and legs, with black charge outline (built at GOT scale 155x172, vertically centred)"
